edge,importance_rmse_increase
2->1,0.03057768156613469
2->0,0.027357728338791826
0-1 (undirected),0.011442179098723804
