node,importance_rmse_increase
2,0.418333840836268
1,0.20461327020269574
0,0.006846244555076486
