{
  "MSE": 0.051338660609672425,
  "RMSE": 0.22658036236548043,
  "R2": 0.8959909389831711,
  "MAE": 0.16889601679224717
}