{
  "MSE": 0.12802188156853503,
  "RMSE": 0.35780145551483583,
  "R2": 0.7357268131103086,
  "MAE": 0.2633789390325546
}